[
  {
      "timeStamp": "2024-05-31T11:32:31.418Z",
      "aggregatedData": [
          {
              "aparcamientoId": 1,
              "latitud": 400.4165,
              "longitud": -30.70256,
              "averageBikesAvailable": 0.0,
              "airQuality": {
                  "avgNitricOxides": 11.5,
                  "avgNitrogenDioxides": 20.200000000000003,
                  "avgVOCs_NMHC": 235.38,
                  "avgPM2_5": 83.15
              }
          },
          {
              "aparcamientoId": 2,
              "latitud": 40.4165,
              "longitud": -32.70256,
              "averageBikesAvailable": 0.0,
              "airQuality": {
                  "avgNitricOxides": 1.5,
                  "avgNitrogenDioxides": 5.2,
                  "avgVOCs_NMHC": 35.38,
                  "avgPM2_5": 33.15
              }
          },
          {
              "aparcamientoId": 3,
              "latitud": 15.4165,
              "longitud": -3.70256,
              "averageBikesAvailable": 16.333333333333332,
              "airQuality": {
                  "avgNitricOxides": 307.2142857142857,
                  "avgNitrogenDioxides": 33.77142857142857,
                  "avgVOCs_NMHC": 100.02571428571427,
                  "avgPM2_5": 94.57857142857144
              }
          },
          {
              "aparcamientoId": 4,
              "latitud": 440.4165,
              "longitud": 23.70256,
              "averageBikesAvailable": 20.4,
              "airQuality": {
                  "avgNitricOxides": 1.5,
                  "avgNitrogenDioxides": 5.2,
                  "avgVOCs_NMHC": 35.38,
                  "avgPM2_5": 33.15
              }
          },
          {
              "aparcamientoId": 5,
              "latitud": 240.4165,
              "longitud": 3.70256,
              "averageBikesAvailable": 0.0,
              "airQuality": {
                  "avgNitricOxides": 1.5,
                  "avgNitrogenDioxides": 5.2,
                  "avgVOCs_NMHC": 35.38,
                  "avgPM2_5": 33.15
              }
          },
          {
              "aparcamientoId": 25,
              "latitud": 433.2,
              "longitud": 15.445,
              "averageBikesAvailable": 0.0,
              "airQuality": {
                  "avgNitricOxides": 1.5,
                  "avgNitrogenDioxides": 5.2,
                  "avgVOCs_NMHC": 35.38,
                  "avgPM2_5": 33.15
              }
          }
      ]
  }
]
